date,close,cum_return,nav
2025-02-13,9.59,0.0,100.0
2025-02-14,9.67,0.008342022940563076,100.83420229405631
2025-02-17,10.07,0.05005213764337846,105.00521376433784
2025-02-18,10.39,0.08342022940563099,108.3420229405631
2025-02-19,10.49,0.09384775808133483,109.38477580813348
2025-02-20,10.27,0.07090719499478615,107.09071949947861
2025-02-21,10.18,0.0615224191866528,106.15224191866528
2025-02-24,10.18,0.0615224191866528,106.15224191866528
2025-02-25,10.12,0.05526590198123049,105.52659019812305
2025-02-26,9.97,0.039624608967674835,103.96246089676748
2025-02-27,10.19,0.06256517205422307,106.25651720542231
2025-02-28,10.18,0.0615224191866528,106.15224191866528
2025-03-03,10.04,0.046923879040667194,104.69238790406672
2025-03-04,10.16,0.05943691345151203,105.94369134515121
2025-03-05,10.08,0.051094890510948954,105.1094890510949
2025-03-06,9.9,0.03232533889468203,103.2325338894682
2025-03-07,9.79,0.02085505735140769,102.08550573514077
2025-03-10,9.74,0.01564129301355588,101.56412930135559
2025-03-11,9.7,0.011470281543274119,101.14702815432742
2025-03-12,9.73,0.014598540145985384,101.45985401459853
2025-03-13,9.74,0.01564129301355588,101.56412930135559
2025-03-14,9.72,0.01355578727841511,101.3555787278415
2025-03-17,9.66,0.007299270072992803,100.72992700729928
2025-03-18,9.64,0.005213764337852034,100.5213764337852
2025-03-19,9.78,0.019812304483837195,101.98123044838371
2025-03-20,9.73,0.014598540145985384,101.45985401459853
2025-03-21,10.03,0.04588112617309692,104.58811261730969
2025-03-24,10.09,0.05213764337851923,105.21376433785193
2025-03-25,10.14,0.05735140771637126,105.73514077163712
2025-03-26,10.36,0.08029197080291972,108.02919708029196
2025-03-27,10.4,0.08446298227320126,108.44629822732013
2025-03-28,10.6,0.10531803962460895,110.5318039624609
2025-03-31,10.66,0.11157455683003126,111.15745568300312
2025-04-01,10.74,0.11991657977059433,111.99165797705943
2025-04-02,10.46,0.09071949947862357,109.07194994786235
2025-04-03,10.41,0.08550573514077175,108.55057351407717
2025-04-07,10.29,0.07299270072992692,107.2992700729927
2025-04-08,10.51,0.0959332638164756,109.59332638164756
2025-04-09,10.64,0.10948905109489049,110.94890510948905
2025-04-10,10.47,0.09176225234619406,109.17622523461941
2025-04-11,10.28,0.07194994786235664,107.19499478623567
2025-04-14,10.25,0.06882168925964538,106.88216892596454
2025-04-15,10.29,0.07299270072992692,107.2992700729927
2025-04-16,10.46,0.09071949947862357,109.07194994786235
2025-04-17,10.39,0.08342022940563099,108.3420229405631
2025-04-18,10.36,0.08029197080291972,108.02919708029196
2025-04-21,10.28,0.07194994786235664,107.19499478623567
2025-04-22,10.31,0.07507820646506791,107.50782064650679
2025-04-23,10.36,0.08029197080291972,108.02919708029196
2025-04-24,10.32,0.07612095933263818,107.61209593326382
2025-04-25,10.48,0.09280500521376434,109.28050052137644
2025-04-28,10.68,0.11366006256517203,111.36600625651721
2025-04-29,10.76,0.1220020855057351,112.2002085505735
2025-04-30,10.83,0.1293013555787279,112.93013555787279
2025-05-06,10.85,0.13138686131386867,113.13868613138686
2025-05-07,10.73,0.11887382690302406,111.8873826903024
2025-05-08,10.8,0.12617309697601686,112.61730969760168
2025-05-09,10.94,0.14077163712200202,114.0771637122002
2025-05-12,10.81,0.12721584984358714,112.72158498435871
2025-05-13,10.81,0.12721584984358714,112.72158498435871
2025-05-14,10.7,0.1157455683003128,111.57455683003128
2025-05-15,10.86,0.13242961418143895,113.24296141814389
2025-05-16,10.82,0.1282586027111574,112.82586027111574
2025-05-19,10.87,0.13347236704900922,113.34723670490092
2025-05-20,10.86,0.13242961418143895,113.24296141814389
2025-05-21,10.99,0.14598540145985406,114.59854014598541
2025-05-22,11.17,0.16475495307612098,116.47549530761209
2025-05-23,11.07,0.15432742440041713,115.43274244004171
2025-05-26,11.04,0.15119916579770587,115.11991657977059
2025-05-27,11.04,0.15119916579770587,115.11991657977059
2025-05-28,11.26,0.17413972888425433,117.41397288842543
2025-05-29,11.26,0.17413972888425433,117.41397288842543
2025-05-30,11.44,0.19290928050052125,119.29092805005213
2025-06-03,11.2,0.16788321167883202,116.7883211678832
2025-06-04,11.22,0.16996871741397301,116.9968717413973
2025-06-05,11.22,0.16996871741397301,116.9968717413973
2025-06-06,11.2,0.16788321167883202,116.7883211678832
2025-06-09,11.06,0.15328467153284686,115.32846715328469
2025-06-10,10.99,0.14598540145985406,114.59854014598541
2025-06-11,11.11,0.15849843587069867,115.84984358706987
2025-06-12,11.15,0.1626694473409802,116.26694473409802
2025-06-13,11.24,0.17205422314911378,117.20542231491137
2025-06-16,10.98,0.14494264859228378,114.49426485922838
2025-06-17,10.95,0.14181438998957252,114.18143899895725
2025-06-18,11.03,0.1501564129301356,115.01564129301356
2025-06-19,11.09,0.1564129301355579,115.6412930135558
2025-06-20,11.12,0.15954118873826895,115.9541188738269
2025-06-23,10.98,0.14494264859228378,114.49426485922838
2025-06-24,10.89,0.1355578727841502,113.55578727841502
2025-06-25,10.89,0.1355578727841502,113.55578727841502
2025-06-26,10.88,0.13451511991657994,113.451511991658
2025-06-27,10.67,0.11261730969760175,111.26173096976018
2025-06-30,10.66,0.11157455683003126,111.15745568300312
2025-07-01,10.7,0.1157455683003128,111.57455683003128
2025-07-02,10.48,0.09280500521376434,109.28050052137644
2025-07-03,10.43,0.0875912408759123,108.75912408759123
2025-07-04,10.4,0.08446298227320126,108.44629822732013
2025-07-07,10.44,0.0886339937434828,108.86339937434828
2025-07-08,10.16,0.05943691345151203,105.94369134515121
2025-07-09,10.28,0.07194994786235664,107.19499478623567
2025-07-10,10.48,0.09280500521376434,109.28050052137644
2025-07-11,10.6,0.10531803962460895,110.5318039624609
2025-07-14,10.69,0.1147028154327423,111.47028154327423
2025-07-15,10.72,0.11783107403545379,111.78310740354537
2025-07-16,10.9,0.1366006256517205,113.66006256517205
2025-07-17,10.59,0.10427528675703868,110.42752867570387
2025-07-18,10.71,0.11678832116788329,111.67883211678833
2025-07-21,10.56,0.10114702815432741,110.11470281543274
2025-07-22,10.54,0.09906152241918664,109.90615224191866
2025-07-23,10.5,0.0948905109489051,109.48905109489051
2025-07-24,10.38,0.08237747653806049,108.23774765380605
2025-07-25,10.29,0.07299270072992692,107.2992700729927
2025-07-28,10.22,0.06569343065693434,106.56934306569343
2025-07-29,10.27,0.07090719499478615,107.09071949947861
2025-07-30,10.19,0.06256517205422307,106.25651720542231
2025-07-31,10.08,0.051094890510948954,105.1094890510949
2025-08-01,10.08,0.051094890510948954,105.1094890510949
2025-08-04,10.15,0.05839416058394176,105.83941605839418
2025-08-05,9.74,0.01564129301355588,101.56412930135559
2025-08-06,9.77,0.018769551616266922,101.8769551616267
2025-08-07,9.75,0.016684045881126153,101.66840458811262
2025-08-08,9.76,0.01772679874869665,101.77267987486967
2025-08-11,9.63,0.004171011470281538,100.41710114702815
2025-08-12,9.63,0.004171011470281538,100.41710114702815
2025-08-13,9.65,0.006256517205422307,100.62565172054224
2025-08-14,9.57,-0.002085505735140769,99.79144942648593
2025-08-15,9.45,-0.014598540145985495,98.54014598540145
2025-08-18,9.47,-0.012513034410844504,98.74869655891555
2025-08-19,9.42,-0.017726798748696537,98.22732012513035
2025-08-20,9.36,-0.023983315954118956,97.60166840458811
2025-08-21,9.4,-0.019812304483837306,98.01876955161627
2025-08-22,9.37,-0.02294056308654857,97.70594369134514
2025-08-25,9.47,-0.012513034410844504,98.74869655891555
2025-08-26,9.48,-0.01147028154327423,98.85297184567257
2025-08-27,9.36,-0.023983315954118956,97.60166840458811
2025-08-28,9.19,-0.04171011470281549,95.82898852971844
2025-08-29,9.12,-0.049009384775808185,95.09906152241918
2025-09-01,9.22,-0.03858185610010423,96.14181438998958
2025-09-02,9.23,-0.037539103232533844,96.24608967674662
2025-09-03,9.16,-0.044838373305526535,95.51616266944734
2025-09-04,9.24,-0.03649635036496346,96.35036496350365
2025-09-05,9.1,-0.051094890510948954,94.8905109489051
2025-09-08,9.15,-0.04588112617309692,95.41188738269031
2025-09-09,9.15,-0.04588112617309692,95.41188738269031
2025-09-10,9.18,-0.04275286757038588,95.72471324296141
2025-09-11,9.11,-0.05005213764337857,94.99478623566215
2025-09-12,9.15,-0.04588112617309692,95.41188738269031
2025-09-15,8.9,-0.07194994786235653,92.80500521376435
2025-09-16,8.84,-0.07820646506777895,92.17935349322211
2025-09-17,8.76,-0.08654848800834203,91.3451511991658
2025-09-18,8.71,-0.09176225234619384,90.82377476538062
2025-09-19,8.7,-0.09280500521376445,90.71949947862356
2025-09-22,8.53,-0.11053180396246098,88.94681960375391
2025-09-23,8.6,-0.10323253388946818,89.67674661105318
2025-09-24,8.66,-0.09697601668404587,90.30239833159541
2025-09-25,8.65,-0.09801876955161626,90.19812304483837
2025-09-26,8.69,-0.09384775808133472,90.61522419186653
2025-09-29,8.7,-0.09280500521376445,90.71949947862356
2025-09-30,8.61,-0.10218978102189791,89.7810218978102
2025-10-09,8.64,-0.09906152241918653,90.09384775808135
2025-10-10,8.75,-0.08759124087591241,91.24087591240875
2025-10-13,8.88,-0.0740354535974973,92.59645464025027
2025-10-14,9.04,-0.05735140771637126,94.26485922836288
2025-10-15,9.02,-0.05943691345151203,94.05630865484879
2025-10-16,9.14,-0.046923879040667305,95.30761209593327
2025-10-17,9.23,-0.037539103232533844,96.24608967674662
2025-10-20,9.13,-0.04796663190823769,95.20333680917624
2025-10-21,9.01,-0.060479666319082415,93.95203336809176
2025-10-22,9.28,-0.03232533889468203,96.7674661105318
2025-10-23,9.24,-0.03649635036496346,96.35036496350365
2025-10-24,9.32,-0.028154327424400383,97.18456725755996
2025-10-27,9.38,-0.021897810218977964,97.8102189781022
2025-10-28,9.52,-0.007299270072992692,99.27007299270073
2025-10-29,9.49,-0.010427528675703845,98.95724713242961
2025-10-30,9.39,-0.02085505735140769,97.91449426485923
2025-10-31,9.33,-0.027111574556829998,97.288842544317
2025-11-03,9.41,-0.018769551616266922,98.1230448383733
2025-11-04,9.53,-0.006256517205422418,99.37434827945776
2025-11-05,9.47,-0.012513034410844504,98.74869655891555
2025-11-06,9.49,-0.010427528675703845,98.95724713242961
2025-11-07,9.43,-0.016684045881126153,98.33159541188738
2025-11-10,9.51,-0.008342022940563076,99.16579770594369
2025-11-11,9.54,-0.005213764337852034,99.4786235662148
2025-11-12,9.56,-0.0031282586027110426,99.6871741397289
2025-11-13,9.37,-0.02294056308654857,97.70594369134514
2025-11-14,9.4,-0.019812304483837306,98.01876955161627
2025-11-17,9.3,-0.030239833159541152,96.97601668404589
2025-11-18,9.38,-0.021897810218977964,97.8102189781022
2025-11-19,9.43,-0.016684045881126153,98.33159541188738
2025-11-20,9.53,-0.006256517205422418,99.37434827945776
2025-11-21,9.45,-0.014598540145985495,98.54014598540145
2025-11-24,9.4,-0.019812304483837306,98.01876955161627
2025-11-25,9.3,-0.030239833159541152,96.97601668404589
2025-11-26,9.27,-0.033368091762252416,96.66319082377476
2025-11-27,9.28,-0.03232533889468203,96.7674661105318
2025-11-28,9.18,-0.04275286757038588,95.72471324296141
2025-12-01,9.12,-0.049009384775808185,95.09906152241918
2025-12-02,9.16,-0.044838373305526535,95.51616266944734
2025-12-03,9.26,-0.03441084462982269,96.55891553701773
2025-12-04,9.18,-0.04275286757038588,95.72471324296141
2025-12-05,9.08,-0.05318039624608961,94.68196037539104
2025-12-08,9.06,-0.05526590198123038,94.47340980187697
2025-12-09,8.98,-0.06360792492179346,93.63920750782066
2025-12-10,9.3,-0.030239833159541152,96.97601668404589
2025-12-11,9.4,-0.019812304483837306,98.01876955161627
2025-12-12,8.98,-0.06360792492179346,93.63920750782066
2025-12-15,9.18,-0.04275286757038588,95.72471324296141
2025-12-16,9.28,-0.03232533889468203,96.7674661105318
2025-12-17,9.21,-0.03962460896767461,96.03753910323253
2025-12-18,9.4,-0.019812304483837306,98.01876955161627
2025-12-19,9.37,-0.02294056308654857,97.70594369134514
2025-12-22,9.42,-0.017726798748696537,98.22732012513035
2025-12-23,9.47,-0.012513034410844504,98.74869655891555
2025-12-24,9.58,-0.0010427528675703845,99.89572471324296
2025-12-25,9.66,0.007299270072992803,100.72992700729928
2025-12-26,9.71,0.012513034410844837,101.25130344108449
2025-12-29,9.75,0.016684045881126153,101.66840458811262
2025-12-30,9.72,0.01355578727841511,101.3555787278415
2025-12-31,9.75,0.016684045881126153,101.66840458811262
2026-01-05,9.65,0.006256517205422307,100.62565172054224
2026-01-06,9.44,-0.01564129301355588,98.43587069864441
2026-01-07,9.42,-0.017726798748696537,98.22732012513035
2026-01-08,9.48,-0.01147028154327423,98.85297184567257
2026-01-09,9.51,-0.008342022940563076,99.16579770594369
2026-01-12,9.73,0.014598540145985384,101.45985401459853
2026-01-13,9.66,0.007299270072992803,100.72992700729928
2026-01-14,9.7,0.011470281543274119,101.14702815432742
2026-01-15,9.59,0.0,100.0
2026-01-16,9.78,0.019812304483837195,101.98123044838371
2026-01-19,9.79,0.02085505735140769,102.08550573514077
2026-01-20,10.18,0.0615224191866528,106.15224191866528
2026-01-21,10.08,0.051094890510948954,105.1094890510949
2026-01-22,9.92,0.0344108446298228,103.44108446298227
2026-01-23,9.84,0.026068821689259725,102.60688216892598
2026-01-26,9.95,0.037539103232533844,103.75391032325338
2026-01-27,10.12,0.05526590198123049,105.52659019812305
2026-01-28,10.24,0.0677789363920751,106.7778936392075
2026-01-29,10.23,0.06673618352450483,106.67361835245049
2026-01-30,10.02,0.044838373305526646,104.48383733055266
2026-02-02,10.21,0.06465067778936406,106.4650677789364
2026-02-03,10.18,0.0615224191866528,106.15224191866528
2026-02-04,10.18,0.0615224191866528,106.15224191866528
2026-02-05,10.25,0.06882168925964538,106.88216892596454
2026-02-06,10.18,0.0615224191866528,106.15224191866528
2026-02-09,10.22,0.06569343065693434,106.56934306569343
2026-02-10,10.2,0.06360792492179357,106.36079249217936
2026-02-11,10.19,0.06256517205422307,106.25651720542231
2026-02-12,10.03,0.04588112617309692,104.58811261730969
2026-02-13,9.96,0.03858185610010434,103.85818561001044
2026-02-24,9.9,0.03232533889468203,103.2325338894682
2026-02-25,9.82,0.023983315954118956,102.39833159541189
2026-02-26,9.86,0.02815432742440027,102.81543274244002
2026-02-27,9.74,0.01564129301355588,101.56412930135559
2026-03-02,9.75,0.016684045881126153,101.66840458811262
2026-03-03,9.69,0.010427528675703845,101.04275286757039
2026-03-04,9.53,-0.006256517205422418,99.37434827945776
2026-03-05,9.67,0.008342022940563076,100.83420229405631
2026-03-06,9.61,0.002085505735140769,100.20855057351407
2026-03-09,9.5,-0.009384775808133461,99.06152241918666
2026-03-10,9.48,-0.01147028154327423,98.85297184567257
2026-03-11,9.65,0.006256517205422307,100.62565172054224
2026-03-12,9.77,0.018769551616266922,101.8769551616267
2026-03-13,9.86,0.02815432742440027,102.81543274244002
2026-03-16,10.14,0.05735140771637126,105.73514077163712
2026-03-17,10.44,0.0886339937434828,108.86339937434828
2026-03-18,10.39,0.08342022940563099,108.3420229405631
2026-03-19,10.38,0.08237747653806049,108.23774765380605
2026-03-20,10.33,0.07716371220020868,107.71637122002087
2026-03-23,10.05,0.04796663190823791,104.79666319082379
2026-03-24,10.5,0.0948905109489051,109.48905109489051
2026-03-25,10.49,0.09384775808133483,109.38477580813348
2026-03-26,10.58,0.10323253388946818,110.32325338894682
2026-03-27,10.49,0.09384775808133483,109.38477580813348
2026-03-30,10.6,0.10531803962460895,110.5318039624609
2026-03-31,10.7,0.1157455683003128,111.57455683003128
2026-04-01,10.65,0.11053180396246098,111.05318039624609
2026-04-02,10.62,0.10740354535974972,110.74035453597497
2026-04-03,10.63,0.10844629822732021,110.84462982273202
2026-04-07,10.34,0.07820646506777895,107.82064650677789
2026-04-08,10.37,0.08133472367049,108.133472367049
2026-04-09,10.28,0.07194994786235664,107.19499478623567
2026-04-10,10.06,0.049009384775808185,104.90093847758082
2026-04-13,9.93,0.035453597497393075,103.5453597497393
2026-04-14,9.88,0.030239833159541263,103.02398331595413
2026-04-15,10.1,0.05318039624608972,105.31803962460897
2026-04-16,10.17,0.060479666319082304,106.04796663190822
2026-04-17,10.22,0.06569343065693434,106.56934306569343
2026-04-20,10.34,0.07820646506777895,107.82064650677789
2026-04-21,10.53,0.09801876955161615,109.80187695516162
2026-04-22,10.66,0.11157455683003126,111.15745568300312
2026-04-23,10.95,0.14181438998957252,114.18143899895725
2026-04-24,10.96,0.14285714285714302,114.2857142857143
2026-04-27,10.9,0.1366006256517205,113.66006256517205
2026-04-28,11.07,0.15432742440041713,115.43274244004171
2026-04-29,10.74,0.11991657977059433,111.99165797705943
2026-04-30,10.7,0.1157455683003128,111.57455683003128
2026-05-06,10.8,0.12617309697601686,112.61730969760168
2026-05-07,10.94,0.14077163712200202,114.0771637122002
2026-05-08,11.11,0.15849843587069867,115.84984358706987
2026-05-11,11.2,0.16788321167883202,116.7883211678832
2026-05-12,11.23,0.1710114702815433,117.10114702815433
2026-05-13,11.09,0.1564129301355579,115.6412930135558
2026-05-14,11.0,0.14702815432742433,114.70281543274243
2026-05-15,10.97,0.1438998957247133,114.38998957247134
2026-05-18,11.27,0.17518248175182483,117.51824817518248
2026-05-19,11.56,0.2054223149113661,120.5422314911366
2026-05-20,11.84,0.23461939520333686,123.46193952033369
2026-05-21,11.92,0.24296141814389993,124.29614181439
2026-05-22,12.23,0.27528675703858196,127.5286757038582
2026-05-25,12.5,0.30344108446298224,130.34410844629824
2026-05-26,11.82,0.2325338894681961,123.25338894681961
2026-05-27,11.83,0.23357664233576636,123.35766423357664
2026-05-28,11.99,0.25026068821689273,125.02606882168928
2026-05-29,12.25,0.27737226277372273,127.73722627737227
2026-06-01,11.62,0.21167883211678817,121.16788321167881
2026-06-02,11.46,0.19499478623566224,119.49947862356622
2026-06-03,11.26,0.17413972888425433,117.41397288842543
2026-06-04,11.4,0.18873826903023994,118.873826903024
2026-06-05,11.26,0.17413972888425433,117.41397288842543
2026-06-08,11.26,0.17413972888425433,117.41397288842543
2026-06-09,11.59,0.20855057351407713,120.85505735140771
2026-06-10,11.8,0.23044838373305532,123.04483837330554
2026-06-11,11.04,0.15119916579770587,115.11991657977059
2026-06-12,11.2,0.16788321167883202,116.7883211678832
2026-06-15,11.05,0.15224191866527637,115.22419186652763
2026-06-16,11.06,0.15328467153284686,115.32846715328469
2026-06-17,11.34,0.18248175182481763,118.24817518248176
2026-06-18,10.49,0.09384775808133483,109.38477580813348
2026-06-22,10.07,0.05005213764337846,105.00521376433784
2026-06-23,10.27,0.07090719499478615,107.09071949947861
2026-06-24,10.58,0.10323253388946818,110.32325338894682
2026-06-25,10.64,0.10948905109489049,110.94890510948905
2026-06-26,10.85,0.13138686131386867,113.13868613138686
2026-06-29,11.09,0.1564129301355579,115.6412930135558
2026-06-30,11.13,0.16058394160583944,116.05839416058394
2026-07-01,11.34,0.18248175182481763,118.24817518248176
2026-07-02,11.82,0.2325338894681961,123.25338894681961
2026-07-03,11.87,0.2377476538060479,123.77476538060479
2026-07-06,12.15,0.2669447340980189,126.69447340980189
2026-07-07,12.26,0.278415015641293,127.8415015641293
2026-07-08,13.49,0.4066736183524504,140.66736183524503
2026-07-09,12.14,0.2659019812304484,126.59019812304484
2026-07-10,11.87,0.2377476538060479,123.77476538060479
2026-07-13,11.65,0.21480709071949944,121.48070907194995
2026-07-14,12.42,0.29509906152241916,129.5099061522419
2026-07-15,12.11,0.2627737226277371,126.27737226277371
2026-07-16,11.82,0.2325338894681961,123.25338894681961
2026-07-17,11.83,0.23357664233576636,123.35766423357664
2026-07-20,12.48,0.30135557872784147,130.13555787278415
2026-07-21,11.94,0.2450469238790407,124.50469238790407
2026-07-22,11.52,0.20125130344108433,120.12513034410843
2026-07-23,11.45,0.19395203336809175,119.39520333680917
2026-07-24,11.27,0.17518248175182483,117.51824817518248
2026-07-27,11.63,0.2127215849843589,121.27215849843589
2026-07-28,11.42,0.1908237747653807,119.08237747653807
2026-07-29,11.36,0.18456725755995818,118.45672575599582
2026-07-30,10.89,0.1355578727841502,113.55578727841502
2026-07-31,11.35,0.1835245046923879,118.35245046923879
2026-08-03,11.29,0.1772679874869656,117.72679874869655
2026-08-04,10.92,0.13868613138686126,113.86861313868613
2026-08-05,10.78,0.12408759124087587,112.40875912408758
2026-08-06,10.81,0.12721584984358714,112.72158498435871
2026-08-07,10.86,0.13242961418143895,113.24296141814389
2026-08-10,10.7,0.1157455683003128,111.57455683003128
2026-08-11,10.86,0.13242961418143895,113.24296141814389
2026-08-12,10.87,0.13347236704900922,113.34723670490092
2026-08-13,11.01,0.14807090719499483,114.80709071949948
2026-08-14,10.84,0.13034410844629818,113.03441084462982
2026-08-17,10.62,0.10740354535974972,110.74035453597497
2026-08-18,10.54,0.09906152241918664,109.90615224191866
2026-08-19,10.52,0.09697601668404587,109.69760166840459
2026-08-20,10.51,0.0959332638164756,109.59332638164756
2026-08-21,10.56,0.10114702815432741,110.11470281543274
2026-08-24,10.73,0.11887382690302406,111.8873826903024
2026-08-25,10.9,0.1366006256517205,113.66006256517205
2026-08-26,10.84,0.13034410844629818,113.03441084462982
2026-08-27,10.35,0.07924921793534923,107.92492179353492
2026-08-28,10.47,0.09176225234619406,109.17622523461941
2026-08-31,10.3,0.07403545359749741,107.40354535974974
2026-09-01,10.25,0.06882168925964538,106.88216892596454
2026-09-02,10.11,0.054223149113659996,105.422314911366
2026-09-03,10.25,0.06882168925964538,106.88216892596454
2026-09-04,10.17,0.060479666319082304,106.04796663190822
2026-09-07,10.19,0.06256517205422307,106.25651720542231
2026-09-08,10.02,0.044838373305526646,104.48383733055266
2026-09-09,9.96,0.03858185610010434,103.85818561001044
2026-09-10,10.12,0.05526590198123049,105.52659019812305
2026-09-11,10.15,0.05839416058394176,105.83941605839418
2026-09-14,10.38,0.08237747653806049,108.23774765380605
2026-09-15,10.36,0.08029197080291972,108.02919708029196
2026-09-16,10.18,0.0615224191866528,106.15224191866528
2026-09-17,10.07,0.05005213764337846,105.00521376433784
2026-09-18,10.0,0.04275286757038588,104.27528675703859
2026-09-21,9.94,0.03649635036496357,103.64963503649636
2026-09-22,10.0,0.04275286757038588,104.27528675703859
2026-09-23,10.03,0.04588112617309692,104.58811261730969
2026-09-24,10.02,0.044838373305526646,104.48383733055266
2026-09-28,10.1,0.05318039624608972,105.31803962460897
2026-09-29,9.96,0.03858185610010434,103.85818561001044
2026-09-30,10.16,0.05943691345151203,105.94369134515121
2026-10-08,10.2,0.06360792492179357,106.36079249217936
2026-10-09,10.58,0.10323253388946818,110.32325338894682
